{
  "POST Creat User" : {
    "transaction" : "POST Creat User",
    "sampleCount" : 100,
    "errorCount" : 0,
    "errorPct" : 0.0,
    "meanResTime" : 80.25,
    "medianResTime" : 78.0,
    "minResTime" : 64.0,
    "maxResTime" : 114.0,
    "pct1ResTime" : 95.9,
    "pct2ResTime" : 100.0,
    "pct3ResTime" : 113.93999999999997,
    "throughput" : 10.329511414110112,
    "receivedKBytesPerSec" : 21.920252136917675,
    "sentKBytesPerSec" : 2.2494932083462453
  },
  "POST Register" : {
    "transaction" : "POST Register",
    "sampleCount" : 100,
    "errorCount" : 0,
    "errorPct" : 0.0,
    "meanResTime" : 78.87000000000002,
    "medianResTime" : 77.0,
    "minResTime" : 62.0,
    "maxResTime" : 106.0,
    "pct1ResTime" : 89.9,
    "pct2ResTime" : 97.79999999999995,
    "pct3ResTime" : 105.93999999999997,
    "throughput" : 10.362694300518134,
    "receivedKBytesPerSec" : 19.05632691062176,
    "sentKBytesPerSec" : 2.448996113989637
  },
  "Total" : {
    "transaction" : "Total",
    "sampleCount" : 300,
    "errorCount" : 3,
    "errorPct" : 1.0,
    "meanResTime" : 130.99333333333348,
    "medianResTime" : 84.0,
    "minResTime" : 62.0,
    "maxResTime" : 503.0,
    "pct1ResTime" : 237.0,
    "pct2ResTime" : 249.0,
    "pct3ResTime" : 305.94000000000005,
    "throughput" : 29.245466952622344,
    "receivedKBytesPerSec" : 59.292804244248394,
    "sentKBytesPerSec" : 5.8833654221095735
  },
  "GET List Users" : {
    "transaction" : "GET List Users",
    "sampleCount" : 100,
    "errorCount" : 3,
    "errorPct" : 3.0,
    "meanResTime" : 233.8600000000001,
    "medianResTime" : 229.0,
    "minResTime" : 183.0,
    "maxResTime" : 503.0,
    "pct1ResTime" : 254.0,
    "pct2ResTime" : 296.5999999999999,
    "pct3ResTime" : 501.8799999999994,
    "throughput" : 9.886307464162137,
    "receivedKBytesPerSec" : 20.97104007043994,
    "sentKBytesPerSec" : 1.4771533613445378
  }
}